{
    "$schema": "https://schema.management.azure.com/schemas/2015-01-01/deploymentParameters.json#",
    "contentVersion": "1.0.0.0",
    "parameters": {
        "collation": {
            "value": "SQL_Latin1_General_CP1_CI_AS"
        },
        "databaseName": {
            "value": "dochazkaDb"
        },
        "tier": {
            "value": "GeneralPurpose"
        },
        "skuName": {
            "value": "GP_S_Gen5_2"
        },
        "location": {
            "value": "germanywestcentral"
        },
        "maxSizeBytes": {
            "value": 34359738368
        },
        "sampleName": {
            "value": ""
        },
        "serverName": {
            "value": "poor-mans-server"
        },
        "licenseType": {
            "value": ""
        },
        "readScaleOut": {
            "value": ""
        },
        "zoneRedundant": {
            "value": false
        },
        "minCapacity": {
            "value": "0.5"
        },
        "autoPauseDelay": {
            "value": 60
        },
        "numberOfReplicas": {
            "value": 0
        },
        "enableADS": {
            "value": false
        },
        "allowAzureIps": {
            "value": false
        },
        "allowClientIp": {
            "value": false
        },
        "clientIpValue": {
            "value": "213.29.216.112"
        },
        "databaseTags": {
            "value": {}
        },
        "serverTags": {
            "value": {}
        },
        "enableVA": {
            "value": false
        },
        "vaStoragelessEnabled": {
            "value": false
        },
        "enableSqlLedger": {
            "value": false
        },
        "enableDigestStorage": {
            "value": "Disabled"
        },
        "digestStorageOption": {
            "value": ""
        },
        "digestStorageName": {
            "value": ""
        },
        "blobStorageContainerName": {
            "value": ""
        },
        "retentionDays": {
            "value": ""
        },
        "retentionPolicy": {
            "value": false
        },
        "digestAccountResourceGroup": {
            "value": ""
        },
        "isNewDigestLocation": {
            "value": false
        },
        "digestRegion": {
            "value": ""
        },
        "storageAccountdigestRegion": {
            "value": ""
        },
        "isPermissionAssigned": {
            "value": false
        },
        "sqlLedgerTemplateLink": {
            "value": "https://sqlazureextension.hosting.portal.azure.net/sqlazureextension/Content/2.1.02564161/DeploymentTemplates/SqlLedger.json"
        },
        "useVAManagedIdentity": {
            "value": false
        },
        "enablePrivateEndpoint": {
            "value": false
        },
        "privateEndpointNestedTemplateId": {
            "value": "pe-cb17a0f0-1d48-4569-8a87-1a56d7fbc013"
        },
        "privateEndpointSubscriptionId": {
            "value": ""
        },
        "privateEndpointResourceGroup": {
            "value": ""
        },
        "privateEndpointName": {
            "value": ""
        },
        "privateEndpointLocation": {
            "value": ""
        },
        "privateEndpointSubnetId": {
            "value": ""
        },
        "privateLinkServiceName": {
            "value": ""
        },
        "privateLinkServiceServiceId": {
            "value": ""
        },
        "privateEndpointVnetSubscriptionId": {
            "value": ""
        },
        "privateEndpointVnetResourceGroup": {
            "value": ""
        },
        "privateEndpointVnetName": {
            "value": ""
        },
        "privateEndpointSubnetName": {
            "value": ""
        },
        "enablePrivateDnsZone": {
            "value": true
        },
        "privateLinkPrivateDnsZoneFQDN": {
            "value": "privatelink.database.windows.net"
        },
        "privateLinkPrivateDnsZoneRG": {
            "value": ""
        },
        "privateEndpointDnsRecordUniqueId": {
            "value": "cb17a0f0-1d48-4569-8a87-1a56d7fbc016"
        },
        "privateEndpointTemplateLink": {
            "value": "https://sqlazureextension.hosting.portal.azure.net/sqlazureextension/Content/2.1.02564161/DeploymentTemplates/PrivateEndpoint.json"
        },
        "privateDnsForPrivateEndpointTemplateLink": {
            "value": "https://sqlazureextension.hosting.portal.azure.net/sqlazureextension/Content/2.1.02564161/DeploymentTemplates/PrivateDnsForPrivateEndpoint.json"
        },
        "privateDnsForPrivateEndpointNicTemplateLink": {
            "value": "https://sqlazureextension.hosting.portal.azure.net/sqlazureextension/Content/2.1.02564161/DeploymentTemplates/PrivateDnsForPrivateEndpointNic.json"
        },
        "privateDnsForPrivateEndpointIpConfigTemplateLink": {
            "value": "https://sqlazureextension.hosting.portal.azure.net/sqlazureextension/Content/2.1.02564161/DeploymentTemplates/PrivateDnsForPrivateEndpointIpConfig.json"
        },
        "clientIpRuleName": {
            "value": "ClientIp-2024-1-14_13-47-11"
        },
        "minimalTlsVersion": {
            "value": "1.2"
        },
        "publicNetworkAccess": {
            "value": "Disabled"
        },
        "connectionType": {
            "value": "Default"
        },
        "requestedBackupStorageRedundancy": {
            "value": "Local"
        },
        "availabilityZone": {
            "value": ""
        },
        "useFreeLimit": {
            "value": true
        },
        "freeLimitExhaustionBehavior": {
            "value": "AutoPause"
        },
        "maintenanceConfigurationId": {
            "value": "/subscriptions/3d17221e-a840-45d8-9314-dee6886ca644/providers/Microsoft.Maintenance/publicMaintenanceConfigurations/SQL_Default"
        },
        "administratorLogin": {
            "value": "poorMan"
        },
        "administratorLoginPassword": {
            "value": null
        },
        "identity": {
            "value": {
                "type": "None"
            }
        },
        "primaryUserAssignedIdentityId": {
            "value": ""
        },
        "federatedClientId": {
            "value": ""
        },
        "servicePrincipal": {
            "value": {
                "type": "None"
            }
        }
    }
}